<?xml version="1.0" encoding="UTF-8"?>
<xforms xmlns="http://www.hyfinity.com/formmaker" xmlns:mvc="http://www.hyfinity.com/mvc">
	<instance_configuration />
	<page />
	<group name="hidden_general" />
	<element name="RT_ID">
		<fm:action name="general" xmlns:fm="http://www.hyfinity.com/formmaker">
			<xform_xpath>/mvc:eForm/mvc:Data/WorkitemContext/Process/ProcessVariables/requestType</xform_xpath>
		</fm:action>
		<transform_xpath>/mvc:eForm/mvc:Data/WorkitemContext/Process/ProcessVariables/requestType</transform_xpath>
		<repeat_xpath>/mvc:eForm/mvc:Data/lookup/record[LTYPE='RequestType' and ACTIVE='1']</repeat_xpath>
		<value_xpath>ID</value_xpath>
		<text_xpath>LABEL</text_xpath>
		<description />
	</element>
	<group name="ReqOffInfoGrid" />
	<element name="HM_ID">
		<fm:action name="general" xmlns:fm="http://www.hyfinity.com/formmaker">
			<xform_xpath>/mvc:eForm/mvc:Data/WorkitemContext/Process/ProcessVariables/hiringMethod</xform_xpath>
		</fm:action>
		<transform_xpath>/mvc:eForm/mvc:Data/WorkitemContext/Process/ProcessVariables/hiringMethod</transform_xpath>
		<repeat_xpath>/mvc:eForm/mvc:Data/lookup/record[LTYPE='HireMethod' and ACTIVE='1']</repeat_xpath>
		<value_xpath>ID</value_xpath>
		<text_xpath>LABEL</text_xpath>
		<description />
	</element>
	<element name="SO_EMAIL">
		<fm:action name="general" xmlns:fm="http://www.hyfinity.com/formmaker">
			<xform_xpath>enter_xpath_here</xform_xpath>
		</fm:action>
		<transform_xpath />
		<description />
	</element>
	<element name="CIO_EMAIL">
		<fm:action name="general" xmlns:fm="http://www.hyfinity.com/formmaker">
			<xform_xpath>enter_xpath_here</xform_xpath>
		</fm:action>
		<transform_xpath />
		<description />
	</element>
	<element name="HROS_EMAIL">
		<fm:action name="general" xmlns:fm="http://www.hyfinity.com/formmaker">
			<xform_xpath>enter_xpath_here</xform_xpath>
		</fm:action>
		<transform_xpath />
		<description />
	</element>
	<element name="CLASS_SPEC_EMAIL">
		<fm:action name="general" xmlns:fm="http://www.hyfinity.com/formmaker">
			<xform_xpath>enter_xpath_here</xform_xpath>
		</fm:action>
		<transform_xpath />
		<description />
	</element>
	<group name="group_general" />
	<element name="SME_REQ">
		<fm:action name="general" xmlns:fm="http://www.hyfinity.com/formmaker">
			<xform_xpath>/mvc:eForm/mvc:Data/FORM_DATA/DOCUMENT/GENERAL/SME_REQ</xform_xpath>
		</fm:action>
		<transform_xpath>/mvc:eForm/mvc:Data/FORM_DATA/DOCUMENT/GENERAL/SME_REQ</transform_xpath>
		<description />
	</element>
	<group name="SMEInfoGrid" />
	<element name="STF_VAL">
		<fm:action name="general" xmlns:fm="http://www.hyfinity.com/formmaker">
			<xform_xpath>/mvc:eForm/mvc:Data/FORM_DATA/DOCUMENT/GENERAL/STF_VAL</xform_xpath>
		</fm:action>
		<transform_xpath>/mvc:eForm/mvc:Data/FORM_DATA/DOCUMENT/GENERAL/STF_VAL</transform_xpath>
		<description />
	</element>
	<group name="NFValidGrid" />
	<element name="STF_VAL_JUST">
		<fm:action name="general" xmlns:fm="http://www.hyfinity.com/formmaker">
			<xform_xpath>/mvc:eForm/mvc:Data/FORM_DATA/DOCUMENT/GENERAL/STF_VAL_JUST</xform_xpath>
		</fm:action>
		<transform_xpath>/mvc:eForm/mvc:Data/FORM_DATA/DOCUMENT/GENERAL/STF_VAL_JUST</transform_xpath>
		<description />
	</element>
	<element name="PBMS_CON_JUST">
		<fm:action name="general" xmlns:fm="http://www.hyfinity.com/formmaker">
			<xform_xpath>/mvc:eForm/mvc:Data/FORM_DATA/DOCUMENT/GENERAL/PBMS_CON_JUST</xform_xpath>
		</fm:action>
		<transform_xpath>/mvc:eForm/mvc:Data/FORM_DATA/DOCUMENT/GENERAL/PBMS_CON_JUST</transform_xpath>
		<description />
	</element>
	<element name="HIRE_GUIDE_REV_JUST">
		<fm:action name="general" xmlns:fm="http://www.hyfinity.com/formmaker">
			<xform_xpath>/mvc:eForm/mvc:Data/FORM_DATA/DOCUMENT/GENERAL/HIRE_GUIDE_REV_JUST</xform_xpath>
		</fm:action>
		<transform_xpath>/mvc:eForm/mvc:Data/FORM_DATA/DOCUMENT/GENERAL/HIRE_GUIDE_REV_JUST</transform_xpath>
		<description />
	</element>
	<element name="PBMS_CON">
		<fm:action name="general" xmlns:fm="http://www.hyfinity.com/formmaker">
			<xform_xpath>/mvc:eForm/mvc:Data/FORM_DATA/DOCUMENT/GENERAL/PBMS_CON</xform_xpath>
		</fm:action>
		<transform_xpath>/mvc:eForm/mvc:Data/FORM_DATA/DOCUMENT/GENERAL/PBMS_CON</transform_xpath>
		<description />
	</element>
	<element name="HIRE_GUIDE_REV">
		<fm:action name="general" xmlns:fm="http://www.hyfinity.com/formmaker">
			<xform_xpath>/mvc:eForm/mvc:Data/FORM_DATA/DOCUMENT/GENERAL/HIRE_GUIDE_REV</xform_xpath>
		</fm:action>
		<transform_xpath>/mvc:eForm/mvc:Data/FORM_DATA/DOCUMENT/GENERAL/HIRE_GUIDE_REV</transform_xpath>
		<description />
	</element>
	<group name="hidden_fields_grid" />
	<element name="SO_AutoComplete">
		<fm:action name="general" xmlns:fm="http://www.hyfinity.com/formmaker">
			<xform_xpath>enter_xpath_here</xform_xpath>
		</fm:action>
		<transform_xpath />
		<description />
	</element>
	<element name="SO_ID">
		<fm:action name="general" xmlns:fm="http://www.hyfinity.com/formmaker">
			<xform_xpath>/mvc:eForm/mvc:Data/WorkitemContext/Process/ProcessVariables/selectOfficial</xform_xpath>
		</fm:action>
		<transform_xpath>/mvc:eForm/mvc:Data/WorkitemContext/Process/ProcessVariables/selectOfficial</transform_xpath>
		<description />
	</element>
	<element name="CIO_ID">
		<fm:action name="general" xmlns:fm="http://www.hyfinity.com/formmaker">
			<xform_xpath>/mvc:eForm/mvc:Data/WorkitemContext/Process/ProcessVariables/cioAdminPOC</xform_xpath>
		</fm:action>
		<transform_xpath>/mvc:eForm/mvc:Data/WorkitemContext/Process/ProcessVariables/cioAdminPOC</transform_xpath>
		<description />
	</element>
	<element name="HROS_ID">
		<fm:action name="general" xmlns:fm="http://www.hyfinity.com/formmaker">
			<xform_xpath>/mvc:eForm/mvc:Data/WorkitemContext/Process/ProcessVariables/hroSpecialist</xform_xpath>
		</fm:action>
		<transform_xpath>/mvc:eForm/mvc:Data/WorkitemContext/Process/ProcessVariables/hroSpecialist</transform_xpath>
		<description />
	</element>
	<element name="CLASS_SPEC_ID">
		<fm:action name="general" xmlns:fm="http://www.hyfinity.com/formmaker">
			<xform_xpath>/mvc:eForm/mvc:Data/WorkitemContext/Process/ProcessVariables/classSpecialist</xform_xpath>
		</fm:action>
		<transform_xpath>/mvc:eForm/mvc:Data/WorkitemContext/Process/ProcessVariables/classSpecialist</transform_xpath>
		<description />
	</element>
	<element name="HROS_AutoComplete">
		<fm:transform_xpath xmlns:fm="http://www.hyfinity.com/formmaker">/mvc:eForm/mvc:Data/mvc:formData/mvc:HROS_AutoComplete</fm:transform_xpath>
		<fm:action name="general" xmlns:fm="http://www.hyfinity.com/formmaker">
			<xform_xpath>enter_xpath_here</xform_xpath>
		</fm:action>
		<description />
	</element>
	<element name="CLASS_SPEC_AutoComplete">
		<fm:transform_xpath xmlns:fm="http://www.hyfinity.com/formmaker">/mvc:eForm/mvc:Data/mvc:formData/mvc:CLASS_SPEC_AutoComplete</fm:transform_xpath>
		<fm:action name="general" xmlns:fm="http://www.hyfinity.com/formmaker">
			<xform_xpath>enter_xpath_here</xform_xpath>
		</fm:action>
		<description />
	</element>
	<element name="CIO_AutoComplete">
		<fm:transform_xpath xmlns:fm="http://www.hyfinity.com/formmaker">/mvc:eForm/mvc:Data/mvc:formData/mvc:CIO_AutoComplete</fm:transform_xpath>
		<fm:action name="general" xmlns:fm="http://www.hyfinity.com/formmaker">
			<xform_xpath>enter_xpath_here</xform_xpath>
		</fm:action>
		<description />
	</element>
	<element name="SME_NAME_1">
		<fm:transform_xpath xmlns:fm="http://www.hyfinity.com/formmaker">/mvc:eForm/mvc:Data/mvc:formData/mvc:SME_NAME_1</fm:transform_xpath>
		<fm:action name="general" xmlns:fm="http://www.hyfinity.com/formmaker">
			<fm:xform_xpath>/mvc:eForm/mvc:Data/mvc:formData/mvc:SME_NAME_1</fm:xform_xpath>
		</fm:action>
		<description />
	</element>
	<element name="SME_EMAIL_1">
		<fm:transform_xpath xmlns:fm="http://www.hyfinity.com/formmaker">/mvc:eForm/mvc:Data/mvc:formData/mvc:SME_EMAIL_1</fm:transform_xpath>
		<fm:action name="general" xmlns:fm="http://www.hyfinity.com/formmaker">
			<fm:xform_xpath>/mvc:eForm/mvc:Data/mvc:formData/mvc:SME_EMAIL_1</fm:xform_xpath>
		</fm:action>
	</element>
	<element name="SME_ORG_1">
		<fm:transform_xpath xmlns:fm="http://www.hyfinity.com/formmaker">/mvc:eForm/mvc:Data/mvc:formData/mvc:SME_ORG_1</fm:transform_xpath>
		<fm:action name="general" xmlns:fm="http://www.hyfinity.com/formmaker">
			<fm:xform_xpath>/mvc:eForm/mvc:Data/mvc:formData/mvc:SME_ORG_1</fm:xform_xpath>
		</fm:action>
	</element>
	<element name="SME_NAME_2">
		<fm:action name="general" xmlns:fm="http://www.hyfinity.com/formmaker">
			<fm:xform_xpath>/mvc:eForm/mvc:Data/mvc:formData/mvc:SME_NAME_2</fm:xform_xpath>
		</fm:action>
		<fm:transform_xpath xmlns:fm="http://www.hyfinity.com/formmaker">/mvc:eForm/mvc:Data/mvc:formData/mvc:SME_NAME_2</fm:transform_xpath>
	</element>
	<element name="SME_NAME_3">
		<fm:action name="general" xmlns:fm="http://www.hyfinity.com/formmaker">
			<fm:xform_xpath>/mvc:eForm/mvc:Data/mvc:formData/mvc:SME_NAME_3</fm:xform_xpath>
		</fm:action>
		<fm:transform_xpath xmlns:fm="http://www.hyfinity.com/formmaker">/mvc:eForm/mvc:Data/mvc:formData/mvc:SME_NAME_3</fm:transform_xpath>
	</element>
	<element name="SME_NAME_4">
		<fm:action name="general" xmlns:fm="http://www.hyfinity.com/formmaker">
			<fm:xform_xpath>/mvc:eForm/mvc:Data/mvc:formData/mvc:SME_NAME_4</fm:xform_xpath>
		</fm:action>
		<fm:transform_xpath xmlns:fm="http://www.hyfinity.com/formmaker">/mvc:eForm/mvc:Data/mvc:formData/mvc:SME_NAME_4</fm:transform_xpath>
	</element>
	<element name="SME_NAME_5">
		<fm:action name="general" xmlns:fm="http://www.hyfinity.com/formmaker">
			<fm:xform_xpath>/mvc:eForm/mvc:Data/mvc:formData/mvc:SME_NAME_5</fm:xform_xpath>
		</fm:action>
		<fm:transform_xpath xmlns:fm="http://www.hyfinity.com/formmaker">/mvc:eForm/mvc:Data/mvc:formData/mvc:SME_NAME_5</fm:transform_xpath>
	</element>
	<element name="SME_EMAIL_2">
		<fm:action name="general" xmlns:fm="http://www.hyfinity.com/formmaker">
			<fm:xform_xpath>/mvc:eForm/mvc:Data/mvc:formData/mvc:SME_EMAIL_2</fm:xform_xpath>
		</fm:action>
		<fm:transform_xpath xmlns:fm="http://www.hyfinity.com/formmaker">/mvc:eForm/mvc:Data/mvc:formData/mvc:SME_EMAIL_2</fm:transform_xpath>
	</element>
	<element name="SME_EMAIL_3">
		<fm:action name="general" xmlns:fm="http://www.hyfinity.com/formmaker">
			<fm:xform_xpath>/mvc:eForm/mvc:Data/mvc:formData/mvc:SME_EMAIL_3</fm:xform_xpath>
		</fm:action>
		<fm:transform_xpath xmlns:fm="http://www.hyfinity.com/formmaker">/mvc:eForm/mvc:Data/mvc:formData/mvc:SME_EMAIL_3</fm:transform_xpath>
	</element>
	<element name="SME_EMAIL_4">
		<fm:action name="general" xmlns:fm="http://www.hyfinity.com/formmaker">
			<fm:xform_xpath>/mvc:eForm/mvc:Data/mvc:formData/mvc:SME_EMAIL_4</fm:xform_xpath>
		</fm:action>
		<fm:transform_xpath xmlns:fm="http://www.hyfinity.com/formmaker">/mvc:eForm/mvc:Data/mvc:formData/mvc:SME_EMAIL_4</fm:transform_xpath>
	</element>
	<element name="SME_EMAIL_5">
		<fm:action name="general" xmlns:fm="http://www.hyfinity.com/formmaker">
			<fm:xform_xpath>/mvc:eForm/mvc:Data/mvc:formData/mvc:SME_EMAIL_5</fm:xform_xpath>
		</fm:action>
		<fm:transform_xpath xmlns:fm="http://www.hyfinity.com/formmaker">/mvc:eForm/mvc:Data/mvc:formData/mvc:SME_EMAIL_5</fm:transform_xpath>
	</element>
	<element name="SME_ORG_2">
		<fm:action name="general" xmlns:fm="http://www.hyfinity.com/formmaker">
			<fm:xform_xpath>/mvc:eForm/mvc:Data/mvc:formData/mvc:SME_ORG_2</fm:xform_xpath>
		</fm:action>
		<fm:transform_xpath xmlns:fm="http://www.hyfinity.com/formmaker">/mvc:eForm/mvc:Data/mvc:formData/mvc:SME_ORG_2</fm:transform_xpath>
	</element>
	<element name="SME_ORG_3">
		<fm:action name="general" xmlns:fm="http://www.hyfinity.com/formmaker">
			<fm:xform_xpath>/mvc:eForm/mvc:Data/mvc:formData/mvc:SME_ORG_3</fm:xform_xpath>
		</fm:action>
		<fm:transform_xpath xmlns:fm="http://www.hyfinity.com/formmaker">/mvc:eForm/mvc:Data/mvc:formData/mvc:SME_ORG_3</fm:transform_xpath>
	</element>
	<element name="SME_ORG_4">
		<fm:action name="general" xmlns:fm="http://www.hyfinity.com/formmaker">
			<fm:xform_xpath>/mvc:eForm/mvc:Data/mvc:formData/mvc:SME_ORG_4</fm:xform_xpath>
		</fm:action>
		<fm:transform_xpath xmlns:fm="http://www.hyfinity.com/formmaker">/mvc:eForm/mvc:Data/mvc:formData/mvc:SME_ORG_4</fm:transform_xpath>
	</element>
	<element name="SME_ORG_5">
		<fm:action name="general" xmlns:fm="http://www.hyfinity.com/formmaker">
			<fm:xform_xpath>/mvc:eForm/mvc:Data/mvc:formData/mvc:SME_ORG_5</fm:xform_xpath>
		</fm:action>
		<fm:transform_xpath xmlns:fm="http://www.hyfinity.com/formmaker">/mvc:eForm/mvc:Data/mvc:formData/mvc:SME_ORG_5</fm:transform_xpath>
	</element>
	<element name="SME_INTERNAL_1">
		<fm:transform_xpath xmlns:fm="http://www.hyfinity.com/formmaker">/mvc:eForm/mvc:Data/mvc:formData/mvc:SME_INTERNAL_1</fm:transform_xpath>
		<fm:action name="general" xmlns:fm="http://www.hyfinity.com/formmaker">
			<fm:xform_xpath>/mvc:eForm/mvc:Data/mvc:formData/mvc:SME_INTERNAL_1</fm:xform_xpath>
		</fm:action>
	</element>
	<element name="SME_INTERNAL_2">
		<fm:action name="general" xmlns:fm="http://www.hyfinity.com/formmaker">
			<fm:xform_xpath>/mvc:eForm/mvc:Data/mvc:formData/mvc:SME_INTERNAL_2</fm:xform_xpath>
		</fm:action>
		<fm:transform_xpath xmlns:fm="http://www.hyfinity.com/formmaker">/mvc:eForm/mvc:Data/mvc:formData/mvc:SME_INTERNAL_2</fm:transform_xpath>
	</element>
	<element name="SME_INTERNAL_3">
		<fm:action name="general" xmlns:fm="http://www.hyfinity.com/formmaker">
			<fm:xform_xpath>/mvc:eForm/mvc:Data/mvc:formData/mvc:SME_INTERNAL_3</fm:xform_xpath>
		</fm:action>
		<fm:transform_xpath xmlns:fm="http://www.hyfinity.com/formmaker">/mvc:eForm/mvc:Data/mvc:formData/mvc:SME_INTERNAL_3</fm:transform_xpath>
	</element>
	<element name="SME_INTERNAL_4">
		<fm:action name="general" xmlns:fm="http://www.hyfinity.com/formmaker">
			<fm:xform_xpath>/mvc:eForm/mvc:Data/mvc:formData/mvc:SME_INTERNAL_4</fm:xform_xpath>
		</fm:action>
		<fm:transform_xpath xmlns:fm="http://www.hyfinity.com/formmaker">/mvc:eForm/mvc:Data/mvc:formData/mvc:SME_INTERNAL_4</fm:transform_xpath>
	</element>
	<element name="SME_INTERNAL_5">
		<fm:action name="general" xmlns:fm="http://www.hyfinity.com/formmaker">
			<fm:xform_xpath>/mvc:eForm/mvc:Data/mvc:formData/mvc:SME_INTERNAL_5</fm:xform_xpath>
		</fm:action>
		<fm:transform_xpath xmlns:fm="http://www.hyfinity.com/formmaker">/mvc:eForm/mvc:Data/mvc:formData/mvc:SME_INTERNAL_5</fm:transform_xpath>
	</element>
	<element name="SCC_NAME">
		<description />
		<fm:transform_xpath xmlns:fm="http://www.hyfinity.com/formmaker">/mvc:eForm/mvc:Data/mvc:formData/mvc:SCC_NAME</fm:transform_xpath>
		<fm:action name="general" xmlns:fm="http://www.hyfinity.com/formmaker">
			<fm:xform_xpath>/mvc:eForm/mvc:Data/mvc:formData/mvc:SCC_NAME</fm:xform_xpath>
		</fm:action>
	</element>
	<element name="SCC_EMAIL">
		<fm:transform_xpath xmlns:fm="http://www.hyfinity.com/formmaker">/mvc:eForm/mvc:Data/mvc:formData/mvc:SCC_EMAIL</fm:transform_xpath>
		<fm:action name="general" xmlns:fm="http://www.hyfinity.com/formmaker">
			<fm:xform_xpath>/mvc:eForm/mvc:Data/mvc:formData/mvc:SCC_EMAIL</fm:xform_xpath>
		</fm:action>
	</element>
	<element name="SCC_ORG">
		<fm:transform_xpath xmlns:fm="http://www.hyfinity.com/formmaker">/mvc:eForm/mvc:Data/mvc:formData/mvc:SCC_ORG</fm:transform_xpath>
		<fm:action name="general" xmlns:fm="http://www.hyfinity.com/formmaker">
			<fm:xform_xpath>/mvc:eForm/mvc:Data/mvc:formData/mvc:SCC_ORG</fm:xform_xpath>
		</fm:action>
	</element>
	<element name="SCC_INTERNAL">
		<fm:transform_xpath xmlns:fm="http://www.hyfinity.com/formmaker">/mvc:eForm/mvc:Data/mvc:formData/mvc:SCC_INTERNAL</fm:transform_xpath>
		<fm:action name="general" xmlns:fm="http://www.hyfinity.com/formmaker">
			<fm:xform_xpath>/mvc:eForm/mvc:Data/mvc:formData/mvc:SCC_INTERNAL</fm:xform_xpath>
		</fm:action>
	</element>
	<element name="CIO_PART_ID">
		<fm:action name="general" xmlns:fm="http://www.hyfinity.com/formmaker">
			<fm:xform_xpath>/mvc:eForm/mvc:Data/mvc:formData/mvc:CIO_PART_ID</fm:xform_xpath>
		</fm:action>
		<transform_xpath>/mvc:eForm/mvc:Data/mvc:formData/mvc:CIO_PART_ID</transform_xpath>
		<description />
	</element>
	<element name="SO_PART_ID">
		<fm:action name="general" xmlns:fm="http://www.hyfinity.com/formmaker">
			<fm:xform_xpath>/mvc:eForm/mvc:Data/mvc:formData/mvc:SO_PART_ID</fm:xform_xpath>
		</fm:action>
		<transform_xpath>/mvc:eForm/mvc:Data/mvc:formData/mvc:SO_PART_ID</transform_xpath>
		<description />
	</element>
	<element name="HROS_PART_ID">
		<fm:action name="general" xmlns:fm="http://www.hyfinity.com/formmaker">
			<fm:xform_xpath>/mvc:eForm/mvc:Data/mvc:formData/mvc:HROS_PART_ID</fm:xform_xpath>
		</fm:action>
		<transform_xpath>/mvc:eForm/mvc:Data/mvc:formData/mvc:HROS_PART_ID</transform_xpath>
		<description />
	</element>
	<element name="CLASS_SPEC_PART_ID">
		<fm:action name="general" xmlns:fm="http://www.hyfinity.com/formmaker">
			<fm:xform_xpath>/mvc:eForm/mvc:Data/mvc:formData/mvc:CLASS_SPEC_PART_ID</fm:xform_xpath>
		</fm:action>
		<transform_xpath>/mvc:eForm/mvc:Data/mvc:formData/mvc:CLASS_SPEC_PART_ID</transform_xpath>
		<description />
	</element>
	<element name="ADMIN_CD">
		<action name="general">
			<xform_xpath>/mvc:eForm/mvc:Data/WorkitemContext/Process/ProcessVariables/adminCode</xform_xpath>
		</action>
		<transform_xpath>/mvc:eForm/mvc:Data/WorkitemContext/Process/ProcessVariables/adminCode</transform_xpath>
		<description />
	</element>
	<element name="ORG_NAME">
		<action name="general">
			<xform_xpath>/mvc:eForm/mvc:Data/WorkitemContext/Process/ProcessVariables/orgName</xform_xpath>
		</action>
		<transform_xpath>/mvc:eForm/mvc:Data/WorkitemContext/Process/ProcessVariables/orgName</transform_xpath>
		<description />
	</element>
</xforms>
