<?xml version="1.0" encoding="UTF-8"?>
<xforms xmlns="http://www.hyfinity.com/formmaker" xmlns:mvc="http://www.hyfinity.com/mvc" xmlns:xg="http://www.hyfinity.com/xgate">
	<instance_configuration />
	<page />
	<group name="layout_cmsmain_response" />
	<element name="h_response_requestNumber">
		<fm:action name="getRequestNumber" xmlns:fm="http://www.hyfinity.com/formmaker">
			<fm:xform_xpath>/mvc:eForm/mvc:Data/mvc:formData/mvc:h_response_requestNumber</fm:xform_xpath>
		</fm:action>
		<action name="saveNewForm">
			<xform_xpath>enter_xpath_here</xform_xpath>
		</action>
		<transform_xpath>/mvc:eForm/mvc:Data/reqnum/record/RC_REQUEST_NUM</transform_xpath>
		<description />
		<fm:action name="saveTabContent" xmlns:fm="http://www.hyfinity.com/formmaker">
			<fm:xform_xpath>/mvc:eForm/mvc:Data/mvc:formData/mvc:h_response_requestNumber</fm:xform_xpath>
		</fm:action>
	</element>
	<element name="h_response_requestStatus">
		<fm:transform_xpath xmlns:fm="http://www.hyfinity.com/formmaker">/mvc:eForm/mvc:Data/mvc:formData/mvc:h_response_requestStatus</fm:transform_xpath>
		<fm:action name="getRequestNumber" xmlns:fm="http://www.hyfinity.com/formmaker">
			<fm:xform_xpath>/mvc:eForm/mvc:Data/mvc:formData/mvc:h_response_requestStatus</fm:xform_xpath>
		</fm:action>
		<action name="saveNewForm">
			<xform_xpath>enter_xpath_here</xform_xpath>
		</action>
		<fm:action name="saveTabContent" xmlns:fm="http://www.hyfinity.com/formmaker">
			<fm:xform_xpath>/mvc:eForm/mvc:Data/mvc:formData/mvc:h_response_requestStatus</fm:xform_xpath>
		</fm:action>
	</element>
</xforms>
